{
  "phases": {
    "SERENITE": {
      "alpha": 0.25,
      "beta": 0.15,
      "gamma": 0.12,
      "delta": 0.30,
      "theta": 0.10,
      "amyghaleon_threshold": 0.85,
      "memory_consolidation": 0.4,
      "learning_rate": 1.0,
      "focus": 0.5,
      "priority": 1
    },
    "JOIE": {
      "alpha": 0.40,
      "beta": 0.25,
      "gamma": 0.08,
      "delta": 0.35,
      "theta": 0.05,
      "amyghaleon_threshold": 0.95,
      "memory_consolidation": 0.5,
      "learning_rate": 1.3,
      "focus": 0.3,
      "priority": 2
    },
    "EXPLORATION": {
      "alpha": 0.35,
      "beta": 0.10,
      "gamma": 0.10,
      "delta": 0.25,
      "theta": 0.15,
      "amyghaleon_threshold": 0.80,
      "memory_consolidation": 0.6,
      "learning_rate": 1.5,
      "focus": 0.8,
      "priority": 2
    },
    "ANXIETE": {
      "alpha": 0.40,
      "beta": 0.30,
      "gamma": 0.06,
      "delta": 0.45,
      "theta": 0.08,
      "amyghaleon_threshold": 0.70,
      "memory_consolidation": 0.4,
      "learning_rate": 0.8,
      "focus": 0.6,
      "priority": 3
    },
    "PEUR": {
      "alpha": 0.60,
      "beta": 0.45,
      "gamma": 0.02,
      "delta": 0.70,
      "theta": 0.02,
      "amyghaleon_threshold": 0.50,
      "memory_consolidation": 0.8,
      "learning_rate": 0.3,
      "focus": 0.95,
      "priority": 5
    },
    "TRISTESSE": {
      "alpha": 0.20,
      "beta": 0.40,
      "gamma": 0.05,
      "delta": 0.55,
      "theta": 0.12,
      "amyghaleon_threshold": 0.90,
      "memory_consolidation": 0.5,
      "learning_rate": 0.6,
      "focus": 0.4,
      "priority": 3
    },
    "DEGOUT": {
      "alpha": 0.50,
      "beta": 0.25,
      "gamma": 0.08,
      "delta": 0.40,
      "theta": 0.08,
      "amyghaleon_threshold": 0.75,
      "memory_consolidation": 0.6,
      "learning_rate": 0.9,
      "focus": 0.7,
      "priority": 4
    },
    "CONFUSION": {
      "alpha": 0.35,
      "beta": 0.30,
      "gamma": 0.15,
      "delta": 0.50,
      "theta": 0.15,
      "amyghaleon_threshold": 0.80,
      "memory_consolidation": 0.3,
      "learning_rate": 0.7,
      "focus": 0.5,
      "priority": 2
    }
  },
  "phase_detector": {
    "hysteresis_margin": 0.15,
    "min_phase_duration": 30.0,
    "emergency_threshold_peur": 0.85,
    "emergency_threshold_horreur": 0.80
  },
  "rabbitmq": {
    "host": "localhost",
    "port": 5672,
    "user": "virtus",
    "password": "virtus@83",
    "emotions_exchange": "mcee.emotional.input",
    "emotions_routing_key": "emotions.predictions",
    "speech_exchange": "mcee.speech.input",
    "speech_routing_key": "speech.text",
    "output_exchange": "mcee.emotional.output",
    "output_routing_key": "mcee.state"
  },
  "speech": {
    "language": "fr",
    "sentiment_weight": 0.7,
    "arousal_weight": 0.3,
    "urgency_threshold": 0.7,
    "memory_record_threshold": 0.3
  },
  "memory": {
    "max_memories": 1000,
    "trauma_threshold_intensity": 0.85,
    "trauma_threshold_valence": 0.2,
    "forget_decay_factor": 0.01,
    "trauma_forget_decay_factor": 0.001
  },
  "engine": {
    "update_interval_ms": 100,
    "fear_loop_timeout_s": 60,
    "fear_force_transition_s": 300,
    "memory_record_threshold": 0.5
  }
}
